{
    "Ar36": {
        "error": 0.0010438769465762811, 
        "filter_outliers_dict": {
            "filter_outliers": true, 
            "iterations": 1, 
            "std_devs": 2
        }, 
        "fit": "Linear", 
        "value": 0.20890129043043257
    }, 
    "Ar37": {
        "error": 0.014459112931267414, 
        "filter_outliers_dict": {
            "filter_outliers": true, 
            "iterations": 1, 
            "std_devs": 2
        }, 
        "fit": "linear", 
        "value": 42.66459545897374
    }, 
    "Ar38": {
        "error": 0.004310713377595332, 
        "filter_outliers_dict": {
            "filter_outliers": true, 
            "iterations": 1, 
            "std_devs": 2
        }, 
        "fit": "linear", 
        "value": 0.21766543454882703
    }, 
    "Ar39": {
        "error": 0.01396155500517932, 
        "filter_outliers_dict": {
            "filter_outliers": true, 
            "iterations": 1, 
            "std_devs": 2
        }, 
        "fit": "Linear", 
        "value": 13.813079330819946
    }, 
    "Ar40": {
        "error": 0.015255003352430744, 
        "filter_outliers_dict": {
            "filter_outliers": true, 
            "iterations": 1, 
            "std_devs": 2
        }, 
        "fit": "Linear", 
        "value": 75.80258066347619
    }, 
    "PM41": {
        "error": 0.06444326490425488, 
        "filter_outliers_dict": {
            "filter_outliers": false, 
            "iterations": 1, 
            "std_devs": 2
        }, 
        "fit": "linear", 
        "value": -0.13670132605031632
    }
}