{
    "Ar36": {
        "error": 0.0030779704603932385, 
        "filter_outliers_dict": {
            "filter_outliers": true, 
            "iterations": 1, 
            "std_devs": 2
        }, 
        "fit": "Linear", 
        "value": 2.1046947577286605
    }, 
    "Ar37": {
        "error": 0.01991682109855062, 
        "filter_outliers_dict": {
            "filter_outliers": true, 
            "iterations": 1, 
            "std_devs": 2
        }, 
        "fit": "linear", 
        "value": 78.08654088727364
    }, 
    "Ar38": {
        "error": 0.005285902643267155, 
        "filter_outliers_dict": {
            "filter_outliers": true, 
            "iterations": 1, 
            "std_devs": 2
        }, 
        "fit": "linear", 
        "value": 1.2738685373672038
    }, 
    "Ar39": {
        "error": 0.016907091959542604, 
        "filter_outliers_dict": {
            "filter_outliers": true, 
            "iterations": 1, 
            "std_devs": 2
        }, 
        "fit": "Linear", 
        "value": 43.97369570696285
    }, 
    "Ar40": {
        "error": 0.054811865731073973, 
        "filter_outliers_dict": {
            "filter_outliers": true, 
            "iterations": 1, 
            "std_devs": 2
        }, 
        "fit": "Linear", 
        "value": 794.8677474874394
    }, 
    "PM41": {
        "error": 0.10447140456445227, 
        "filter_outliers_dict": {
            "filter_outliers": false, 
            "iterations": 1, 
            "std_devs": 2
        }, 
        "fit": "linear", 
        "value": -0.026934446123698948
    }
}