{
    "Ar36": {
        "error": 0.0002204976697007671, 
        "filter_outliers_dict": {
            "filter_outliers": true, 
            "iterations": 1, 
            "std_devs": 2
        }, 
        "fit": "Linear", 
        "value": 0.008780358547991234
    }, 
    "Ar37": {
        "error": 0.010703961191425705, 
        "filter_outliers_dict": {
            "filter_outliers": true, 
            "iterations": 1, 
            "std_devs": 2
        }, 
        "fit": "linear", 
        "value": 0.08177360891662126
    }, 
    "Ar38": {
        "error": 0.0048142075194197555, 
        "filter_outliers_dict": {
            "filter_outliers": true, 
            "iterations": 1, 
            "std_devs": 2
        }, 
        "fit": "linear", 
        "value": 0.377268833952789
    }, 
    "Ar39": {
        "error": 0.014494821590855033, 
        "filter_outliers_dict": {
            "filter_outliers": true, 
            "iterations": 1, 
            "std_devs": 2
        }, 
        "fit": "Linear", 
        "value": 30.32129612319849
    }, 
    "Ar40": {
        "error": 0.020070352735015822, 
        "filter_outliers_dict": {
            "filter_outliers": true, 
            "iterations": 1, 
            "std_devs": 2
        }, 
        "fit": "Linear", 
        "value": 126.87310027495803
    }, 
    "PM41": {
        "error": 0.06197033956678828, 
        "filter_outliers_dict": {
            "filter_outliers": false, 
            "iterations": 1, 
            "std_devs": 2
        }, 
        "fit": "linear", 
        "value": -0.16460830627149226
    }
}