{
    "Ar36": {
        "error": 0.00040291438491958637, 
        "filter_outliers_dict": {
            "filter_outliers": true, 
            "iterations": 1, 
            "std_devs": 2
        }, 
        "fit": "Linear", 
        "value": 0.02227625290498364
    }, 
    "Ar37": {
        "error": 0.010164879647111493, 
        "filter_outliers_dict": {
            "filter_outliers": true, 
            "iterations": 1, 
            "std_devs": 2
        }, 
        "fit": "linear", 
        "value": 1.2429344814106749
    }, 
    "Ar38": {
        "error": 0.004461609490324835, 
        "filter_outliers_dict": {
            "filter_outliers": true, 
            "iterations": 1, 
            "std_devs": 2
        }, 
        "fit": "linear", 
        "value": 0.08065990488714468
    }, 
    "Ar39": {
        "error": 0.010881298697719614, 
        "filter_outliers_dict": {
            "filter_outliers": true, 
            "iterations": 1, 
            "std_devs": 2
        }, 
        "fit": "Linear", 
        "value": 1.6707704778439045
    }, 
    "Ar40": {
        "error": 0.016076317271810452, 
        "filter_outliers_dict": {
            "filter_outliers": true, 
            "iterations": 1, 
            "std_devs": 2
        }, 
        "fit": "Linear", 
        "value": 11.227506460711872
    }, 
    "PM41": {
        "error": 0.08310765396427006, 
        "filter_outliers_dict": {
            "filter_outliers": false, 
            "iterations": 1, 
            "std_devs": 2
        }, 
        "fit": "linear", 
        "value": -0.1345129731035281
    }
}