{
    "Ar36": {
        "error": 0.0008342216110386339, 
        "filter_outliers_dict": {
            "filter_outliers": true, 
            "iterations": 1, 
            "std_devs": 2
        }, 
        "fit": "Linear", 
        "value": 0.08837813918128687
    }, 
    "Ar37": {
        "error": 0.011997186416433991, 
        "filter_outliers_dict": {
            "filter_outliers": true, 
            "iterations": 1, 
            "std_devs": 2
        }, 
        "fit": "linear", 
        "value": 10.97498058652069
    }, 
    "Ar38": {
        "error": 0.004726441746473433, 
        "filter_outliers_dict": {
            "filter_outliers": true, 
            "iterations": 1, 
            "std_devs": 2
        }, 
        "fit": "linear", 
        "value": 0.18852220192430227
    }, 
    "Ar39": {
        "error": 0.012511064921506047, 
        "filter_outliers_dict": {
            "filter_outliers": true, 
            "iterations": 1, 
            "std_devs": 2
        }, 
        "fit": "Linear", 
        "value": 13.686794145996737
    }, 
    "Ar40": {
        "error": 0.018356990931285982, 
        "filter_outliers_dict": {
            "filter_outliers": true, 
            "iterations": 1, 
            "std_devs": 2
        }, 
        "fit": "Linear", 
        "value": 77.04946609598349
    }, 
    "PM41": {
        "error": 0.07572413038062006, 
        "filter_outliers_dict": {
            "filter_outliers": false, 
            "iterations": 1, 
            "std_devs": 2
        }, 
        "fit": "linear", 
        "value": -0.16901485354920726
    }
}