{
    "Ar36": {
        "error": 0.0003738292237438373, 
        "filter_outliers_dict": {
            "filter_outliers": true, 
            "iterations": 1, 
            "std_devs": 2
        }, 
        "fit": "Linear", 
        "value": 0.027595525212275037
    }, 
    "Ar37": {
        "error": 0.010705328607730632, 
        "filter_outliers_dict": {
            "filter_outliers": true, 
            "iterations": 1, 
            "std_devs": 2
        }, 
        "fit": "linear", 
        "value": 0.03639470245916042
    }, 
    "Ar38": {
        "error": 0.0051951902892001444, 
        "filter_outliers_dict": {
            "filter_outliers": true, 
            "iterations": 1, 
            "std_devs": 2
        }, 
        "fit": "linear", 
        "value": 0.8047465732437523
    }, 
    "Ar39": {
        "error": 0.015248479813831121, 
        "filter_outliers_dict": {
            "filter_outliers": true, 
            "iterations": 1, 
            "std_devs": 2
        }, 
        "fit": "Linear", 
        "value": 63.02178850402946
    }, 
    "Ar40": {
        "error": 0.050612601323151166, 
        "filter_outliers_dict": {
            "filter_outliers": true, 
            "iterations": 1, 
            "std_devs": 2
        }, 
        "fit": "Linear", 
        "value": 783.1800296550182
    }, 
    "PM41": {
        "error": 0.07656988244406344, 
        "filter_outliers_dict": {
            "filter_outliers": false, 
            "iterations": 1, 
            "std_devs": 2
        }, 
        "fit": "linear", 
        "value": -0.15181618613745146
    }
}