{
    "Ar36": {
        "error": 0.00019886659786998273, 
        "filter_outliers_dict": {
            "filter_outliers": true, 
            "iterations": 1, 
            "std_devs": 2
        }, 
        "fit": "Parabolic", 
        "value": 0.005206719504148509
    }, 
    "Ar37": {
        "error": 0.00470396517744171, 
        "filter_outliers_dict": {
            "filter_outliers": true, 
            "iterations": 1, 
            "std_devs": 2
        }, 
        "fit": "linear", 
        "value": 0.03477750288526463
    }, 
    "Ar38": {
        "error": 0.0021498217903469967, 
        "filter_outliers_dict": {
            "filter_outliers": true, 
            "iterations": 1, 
            "std_devs": 2
        }, 
        "fit": "linear", 
        "value": -0.02072915771541141
    }, 
    "Ar39": {
        "error": 0.008940581727649164, 
        "filter_outliers_dict": {
            "filter_outliers": true, 
            "iterations": 1, 
            "std_devs": 2
        }, 
        "fit": "Parabolic", 
        "value": -0.04558244087888762
    }, 
    "Ar40": {
        "error": 0.007572556582517026, 
        "filter_outliers_dict": {
            "filter_outliers": true, 
            "iterations": 1, 
            "std_devs": 2
        }, 
        "fit": "Parabolic", 
        "value": 0.5543150374143501
    }, 
    "PM41": {
        "error": 0.0661294708768348, 
        "filter_outliers_dict": {
            "filter_outliers": false, 
            "iterations": 1, 
            "std_devs": 2
        }, 
        "fit": "linear", 
        "value": -0.17909840505507368
    }
}